"codigo","descricao","setor","termos_busca","observacao"
"DPA00.01","CHARUTO PATAS 8.4 B","","DPA00.01 CHARUTO PATAS 8.4 B",""
"DEP-1.1","DEP.1.1 A4 6.6","","DEP-1.1 DEP.1.1 A4 6.6",""
"DEP-1.2","DEP.1-2 A4 6.7","","DEP-1.2 DEP.1-2 A4 6.7",""
"DEP-1.3","DEP.1.3 A4 6.5","","DEP-1.3 DEP.1.3 A4 6.5",""
"DEP-1.4","DEP.1.4 A4 6.8","","DEP-1.4 DEP.1.4 A4 6.8",""
"DEP-1.5","DEP.1.5 A4 6.10","","DEP-1.5 DEP.1.5 A4 6.10",""
"DEP-1.6","DEP.1.6 A4 XIII","","DEP-1.6 DEP.1.6 A4 XIII",""
"DEP-1.7","DEP.1.7 A4 6.9","","DEP-1.7 DEP.1.7 A4 6.9",""
"DEP-1.8","DEP.1.8 A4 XIV","","DEP-1.8 DEP.1.8 A4 XIV",""
"DEP-2.11","DEP.2.11 A4 XVII","","DEP-2.11 DEP.2.11 A4 XVII",""
"DEP-2.12","DEP.2.12 A4 XVIII","","DEP-2.12 DEP.2.12 A4 XVIII",""
"DEP-2.13","DEP.2.13 A4 XV","","DEP-2.13 DEP.2.13 A4 XV",""
"DEP-2.14","DEP.2.14 A4 XVI","","DEP-2.14 DEP.2.14 A4 XVI",""
"DEP-2.15","DEP.2.15 A4 XX","","DEP-2.15 DEP.2.15 A4 XX",""
"DEP-2.16","DEP.2.16 A4 XXI","","DEP-2.16 DEP.2.16 A4 XXI",""
"DEP-2.17","DEP.2.17 A4 XIX","","DEP-2.17 DEP.2.17 A4 XIX",""
"DEP-2.18","DEP.2.18 A4 XXI","","DEP-2.18 DEP.2.18 A4 XXI",""
"DEP-3.21","DEP.3.21 A4 XXIII","","DEP-3.21 DEP.3.21 A4 XXIII",""
"DEP-3.22","DEP.3.22 A4 XXV","","DEP-3.22 DEP.3.22 A4 XXV",""
"DEP-3.23","DEP.3.23 A4 XXIV","","DEP-3.23 DEP.3.23 A4 XXIV",""
"DEP-3.24","DEP.3.24 A4 XXVI","","DEP-3.24 DEP.3.24 A4 XXVI",""
"DEP-3.25","DEP.3.25 A4 XXVIII","","DEP-3.25 DEP.3.25 A4 XXVIII",""
"DEP-3.26","DEP.3.26","","DEP-3.26 DEP.3.26",""
"DEP-3.27","DEP.3.27 A4 XXVII","","DEP-3.27 DEP.3.27 A4 XXVII",""
"DEP-3.28","DEP.3.28 A4 XXX","","DEP-3.28 DEP.3.28 A4 XXX",""
"DEP-4.1","DEPENADEIRA 4.1 B12","","DEP-4.1 DEPENADEIRA 4.1 B12",""
"DEP-4.2","DEPENADEIRA 4.2 B12","","DEP-4.2 DEPENADEIRA 4.2 B12",""
"DEP-4.3","DEPENADEIRA 4.3 B12","","DEP-4.3 DEPENADEIRA 4.3 B12",""
"DEP-4.4","DEPENADEIRA 4.4 B12","","DEP-4.4 DEPENADEIRA 4.4 B12",""
"DEP-4.5","DEPENADEIRA 4.5 B12","","DEP-4.5 DEPENADEIRA 4.5 B12",""
"DEP-4.6","DEPENADEIRA 4.6 B12","","DEP-4.6 DEPENADEIRA 4.6 B12",""
"DEP-4.7","DEPENADEIRA 4.7 B12","","DEP-4.7 DEPENADEIRA 4.7 B12",""
"DEP-4.8","DEPENADEIRA 4.8 B12","","DEP-4.8 DEPENADEIRA 4.8 B12",""
"M 1.1","PLATAFORMA 1 A5 LONA PRETA","","M 1.1 PLATAFORMA 1 A5 LONA PRETA",""
"M 2.1","PLATAFORMA 4 A5 PENDURA","","M 2.1 PLATAFORMA 4 A5 PENDURA",""
"M 2.2","PLATAFORMA 2 A5 CURVA","","M 2.2 PLATAFORMA 2 A5 CURVA",""
"M 3.2","3.2 A5","","M 3.2 3.2 A5",""
"M 3.4","PLATAFORMA 5 A5 SAIDA PENDURA","","M 3.4 PLATAFORMA 5 A5 SAIDA PENDURA",""
"VEN03.04","VENTILADOR DEPENAGEM PROX CHILLER","","VEN03.04 VENTILADOR DEPENAGEM PROX CHILLER",""
"VEN 3.5","VENTILADOR SIF DEPENAGEM CIRCULACAO","","VEN 3.5 VENTILADOR SIF DEPENAGEM CIRCULACAO",""
"M 5.1","SERRA SANGRIA 1 SAN-00.01 A4 II","","M 5.1 SERRA SANGRIA 1 SAN-00.01 A4 II",""
"M 5.2","SANGRIA SAN-00.02 A4","","M 5.2 SANGRIA SAN-00.02 A4",""
"M 5.3","NOREA PENDURA","","M 5.3 NOREA PENDURA",""
"M 5.4","ESTEIRA 6.1A POR 1A A4","","M 5.4 ESTEIRA 6.1A POR 1A A4",""
"M 6.1","ESTEIRA 6.1B DE PATA SAIDA TRANSFERENCIA","","M 6.1 ESTEIRA 6.1B DE PATA SAIDA TRANSFERENCIA",""
"M 6.2","GRUPO VEN-05.02 E VEN-05.03","","M 6.2 GRUPO VEN-05.02 E VEN-05.03",""
"M 6.3","NOREA EVISCERACAO","","M 6.3 NOREA EVISCERACAO",""
"M 6.30","BBA SANGUE I SANGRIA B3","","M 6.30 BBA SANGUE I SANGRIA B3",""
"M 6.31","BBA SANGUE 2 DEP A4 XXXII","","M 6.31 BBA SANGUE 2 DEP A4 XXXII",""
"M 6.33","LAV. DE GANCHO PLAT. A4 XXXIII","","M 6.33 LAV. DE GANCHO PLAT. A4 XXXIII",""
"M 6.34","BORRIFADOR ESCAL. 1 A4 XXXIV","","M 6.34 BORRIFADOR ESCAL. 1 A4 XXXIV",""
"M 6.35","BORRIFADOR ESCAL. 2 A4 XXXV","","M 6.35 BORRIFADOR ESCAL. 2 A4 XXXV",""
"M 6.36","RESERVA","","M 6.36 RESERVA",""
"M 6.37","ESTEIRA CHILLER PE E SCALD. A4 XXXVII","","M 6.37 ESTEIRA CHILLER PE E SCALD. A4 XXXVII",""
"M 6.38","ESTEIRA 6.38 A13 ENTRADA TRANSFERENCIA","","M 6.38 ESTEIRA 6.38 A13 ENTRADA TRANSFERENCIA",""
"M 6.39","ESTEIRA 6.39 A13 SAIDA TRANSFERENCIA","","M 6.39 ESTEIRA 6.39 A13 SAIDA TRANSFERENCIA",""
"M 6.40","ESTEIRA 6.40 A13 SAIDA DA CAMARA","","M 6.40 ESTEIRA 6.40 A13 SAIDA DA CAMARA",""
"M 7.1","FORCADOR SALA DE PLS A4 XVIII","","M 7.1 FORCADOR SALA DE PLS A4 XVIII",""
"M 7.2","ESTEIRA ESCALDADOR A5 VI","","M 7.2 ESTEIRA ESCALDADOR A5 VI",""
"M 7.3","DERRUBADOR DE PATAS 1 A5","","M 7.3 DERRUBADOR DE PATAS 1 A5",""
"M 7.4","ESTEIRA DO DIF CONDICIONAL A5","","M 7.4 ESTEIRA DO DIF CONDICIONAL A5",""
"M 7.5","ESTEIRA SELECAO PE","","M 7.5 ESTEIRA SELECAO PE",""
"M 7.6","ESTEIRA PCC A12","","M 7.6 ESTEIRA PCC A12",""
"M 8.1","DESARMADOR DE PATAS 2 LIMPEZA","","M 8.1 DESARMADOR DE PATAS 2 LIMPEZA",""
"M 8.2","ESTEIRA DO DIF AS XI DESCARTE","","M 8.2 ESTEIRA DO DIF AS XI DESCARTE",""
"M 8.3","ESTEIRA ELEVACAO CONDICIONADA EVISCERACAO","","M 8.3 ESTEIRA ELEVACAO CONDICIONADA EVISCERACAO",""
"M 8.7","INSUFLADOR EVISCERACAO 01 B4","","M 8.7 INSUFLADOR EVISCERACAO 01 B4",""
"M 8.8","8.8 B4 II","","M 8.8 8.8 B4 II",""
"M 8.9","VENTILADOR A 8.16","","M 8.9 VENTILADOR A 8.16",""
"M 8.10","EXAUSTOR EVISCERACAO B4 IV","","M 8.10 EXAUSTOR EVISCERACAO B4 IV",""
"M 8.11","EXAUSTOR CAFE","","M 8.11 EXAUSTOR CAFE",""
"M 8.14","INSUFLADOR TANQUE ESCALDAGEM II","","M 8.14 INSUFLADOR TANQUE ESCALDAGEM II",""
"M 8.15","EXAUSTOR EVISCERACAO B4 IX","","M 8.15 EXAUSTOR EVISCERACAO B4 IX",""
"M 8.16","EXAUSTOR EVISCERACAO B4 X","","M 8.16 EXAUSTOR EVISCERACAO B4 X",""
"M 8.17","EXAUSTOR CLOACA B4 XI","","M 8.17 EXAUSTOR CLOACA B4 XI",""
"M 8.18","EXAUSTOR SAIDA ESCALDAGEM 04 B4","","M 8.18 EXAUSTOR SAIDA ESCALDAGEM 04 B4",""
"M 8.19","EXAUSTOR DA EXTRATORA DE CALOS","","M 8.19 EXAUSTOR DA EXTRATORA DE CALOS",""
"M 8.20","INSUFLADOR EVOCACAO B4 XIV","","M 8.20 INSUFLADOR EVOCACAO B4 XIV",""
"M 8.21","SEM USO","","M 8.21 SEM USO",""
"M 8.22","SEM USO","","M 8.22 SEM USO",""
"M 8.23","SEM USO","","M 8.23 SEM USO",""
"M 8.24","SEM USO","","M 8.24 SEM USO",""
"EST6.41","ESTEIRA PE 11.1 A09","","EST6.41 ESTEIRA PE 11.1 A09",""
"EST16.41","ESTEIRA PE AS XI DESCARTE","","EST16.41 ESTEIRA PE AS XI DESCARTE",""
"EST06.42","A20.02 ESTEIRA 06.42 AC","","EST06.42 A20.02 ESTEIRA 06.42 AC",""
"EST06.43","A20.08 ESTEIRA 06.43 AC","","EST06.43 A20.08 ESTEIRA 06.43 AC",""
"M 9.2","NOREA DO DIF A5 XIII","","M 9.2 NOREA DO DIF A5 XIII",""
"M 9.3","NOREA DO PCC A5 XIV","","M 9.3 NOREA DO PCC A5 XIV",""
"M 9.4","B-16 SOPRADOR CHILLER E","","M 9.4 B-16 SOPRADOR CHILLER E",""
"M 9.5A","ESTEIRA REPINDURA A9.5 A5","","M 9.5A ESTEIRA REPINDURA A9.5 A5",""
"M 9.5B","ESTEIRA REPINDURA 9.5B A5","","M 9.5B ESTEIRA REPINDURA 9.5B A5",""
"M 9.6","SATI","","M 9.6 SATI",""
"M 9.7","9.7 B4","","M 9.7 9.7 B4",""
"M 9.8","SATI","","M 9.8 SATI",""
"M 9.10","VENTILADOR CHILLER ER B4","","M 9.10 VENTILADOR CHILLER ER B4",""
"M 9.11","VENTILADOR CHILLER ER B4","","M 9.11 VENTILADOR CHILLER ER B4",""
"M 9.12","VENTILADOR CHILLER ER B4","","M 9.12 VENTILADOR CHILLER ER B4",""
"M 9.13","VENTILADOR CHILLER ER B4","","M 9.13 VENTILADOR CHILLER ER B4",""
"M 9.14","VENTILADOR CHILLER ER B4","","M 9.14 VENTILADOR CHILLER ER B4",""
"M 9.15","VENTILADOR CHILLER ER B4","","M 9.15 VENTILADOR CHILLER ER B4",""
"M 9.16","VENTILADOR CHILLER ER B4","","M 9.16 VENTILADOR CHILLER ER B4",""
"M 9.17","VENTILADOR CHILLER ER B4","","M 9.17 VENTILADOR CHILLER ER B4",""
"M 9.18","VENTILADOR CHILLER ER B4","","M 9.18 VENTILADOR CHILLER ER B4",""
"M 9.19","VENTILADOR CHILLER ER B4","","M 9.19 VENTILADOR CHILLER ER B4",""
"M 9.20","VENTILADOR CHILLER ER B4","","M 9.20 VENTILADOR CHILLER ER B4",""
"M 9.21","GIRAFA DESCARGA AITE PORTA A9","","M 9.21 GIRAFA DESCARGA AITE PORTA A9",""
"M 9.22","ESTEIRA SAIDA CONDICIONAL A9","","M 9.22 ESTEIRA SAIDA CONDICIONAL A9",""
"M 9.23","CHILLER 01 A9","","M 9.23 CHILLER 01 A9",""
"M 9.24","SATI","","M 9.24 SATI",""
"M 9.25","CHILLER 02 A10","","M 9.25 CHILLER 02 A10",""
"M 9.27","TURBINA CHILLER B4 CONDICIONAL","","M 9.27 TURBINA CHILLER B4 CONDICIONAL",""
"M 9.28","TURBINA CHILLER B4","","M 9.28 TURBINA CHILLER B4",""
"M 9.29","EXT-0001 9.29 B4","","M 9.29 EXT-0001 9.29 B4",""
"M 9.30","ESTEIRA DESOSSA 9.30 B16","","M 9.30 ESTEIRA DESOSSA 9.30 B16",""
"M 9.31","ESTEIRA SUP. DESOSSA HOB B4","","M 9.31 ESTEIRA SUP. DESOSSA HOB B4",""
"M 9.32","ESTEIRA DE DISCOS 5A B4","","M 9.32 ESTEIRA DE DISCOS 5A B4",""
"M 9.33","ESTEIRA ELEVATOROA 9.33 B4","","M 9.33 ESTEIRA ELEVATOROA 9.33 B4",""
"M 9.34","ESTEIRA SUP. DESOSSA ANT B4","","M 9.34 ESTEIRA SUP. DESOSSA ANT B4",""
"M 9.35","TURBINA PRE-CHILLER 1 B16","","M 9.35 TURBINA PRE-CHILLER 1 B16",""
"M 9.36","TURBINA PRE-CHILLER 2 B16","","M 9.36 TURBINA PRE-CHILLER 2 B16",""
"M 9.37","TURBINA PRE-CHILLER 3 B16","","M 9.37 TURBINA PRE-CHILLER 3 B16",""
"M 9.38","VAGO ANTIGO BORBUHO ESCALDAGEM","","M 9.38 VAGO ANTIGO BORBUHO ESCALDAGEM",""
"M 9.39","BOMBA CMS 03 B14","","M 9.39 BOMBA CMS 03 B14",""
"M 9.40","VAGO B16","","M 9.40 VAGO B16",""
"M 9.41","TURBINA PRE-CHILLER 6 B16","","M 9.41 TURBINA PRE-CHILLER 6 B16",""
"M 9.42","TURBINA PRE-CHILLER 7 B16","","M 9.42 TURBINA PRE-CHILLER 7 B16",""
"M 9.93","PRE CHILLER 9.93","","M 9.93 PRE CHILLER 9.93",""
"M 9.94","SATELITE PRE CHILLER 9.94","","M 9.94 SATELITE PRE CHILLER 9.94",""
"BBA09.08","BOMBA REUSO CHILLER 02 B14","","BBA09.08 BOMBA REUSO CHILLER 02 B14",""
"EST-09.05","A22-14 ESTEIRA REPRENDURA 9.05C","","EST-09.05 A22-14 ESTEIRA REPRENDURA 9.05C",""
"CHI-00.03","CHILLER DE PES B","","CHI-00.03 CHILLER DE PES B",""
"CHI-00.04","CHILLER DE PES A","","CHI-00.04 CHILLER DE PES A",""
"CHI-00.05","CHILLER CABECA","","CHI-00.05 CHILLER CABECA",""
"CHI-00.06","CHILLER DE MOELAS","","CHI-00.06 CHILLER DE MOELAS",""
"CHI-00.07","CHILLER CORACAO","","CHI-00.07 CHILLER CORACAO",""
"CHI-00.08","CHILLER FIGADO","","CHI-00.08 CHILLER FIGADO",""
"10.13","ELEVATORIA DORSO PARA CMS A9","","10.13 ELEVATORIA DORSO PARA CMS A9",""
"M 10.7","VENTILADOR PAREDE EVISCERACAO","","M 10.7 VENTILADOR PAREDE EVISCERACAO",""
"M 10.8","VENTILADOR SALA CORTES A7","","M 10.8 VENTILADOR SALA CORTES A7",""
"M 10.9","10.09 PORTA A09","","M 10.9 10.09 PORTA A09",""
"M 10.10","ESTEIRA PADRAO EMBALAGEM A09","","M 10.10 ESTEIRA PADRAO EMBALAGEM A09",""
"M 10.11","ESTEIRA DE PES 10.11 CML COB A09","","M 10.11 ESTEIRA DE PES 10.11 CML COB A09",""
"M 10.12","EXAUSTOR PRE CHILLER","","M 10.12 EXAUSTOR PRE CHILLER",""
"M 10.14","ESTEIRA CHILLER CONDICIONAL","","M 10.14 ESTEIRA CHILLER CONDICIONAL",""
"M 10.15","ESTEIRA SAIDA CONDICIONAL A9","","M 10.15 ESTEIRA SAIDA CONDICIONAL A9",""
"M 10.16","A9 SEM INVERSOR NO LOCAL","","M 10.16 A9 SEM INVERSOR NO LOCAL",""
"M 10.17","ESTEIRA PATAS ANTIGA NOVA","","M 10.17 ESTEIRA PATAS ANTIGA NOVA",""
"M 10.18","NORIA CAIXA DE PAPELAO A10","","M 10.18 NORIA CAIXA DE PAPELAO A10",""
"M 10.19","NORIA CAIXA PLASTICA A10","","M 10.19 NORIA CAIXA PLASTICA A10",""
"M 10.20","TURBINA MIUDOS PA7 DI-4","","M 10.20 TURBINA MIUDOS PA7 DI-4",""
"M 10.21","TURBINA MIUDOS PA7 DI-5","","M 10.21 TURBINA MIUDOS PA7 DI-5",""
"M 10.22","VEN-05.04","","M 10.22 VEN-05.04",""
"M 10.23","GRUPO VEN-05.05 E VEN-05.06","","M 10.23 GRUPO VEN-05.05 E VEN-05.06",""
"M 10.24","VENTILADOR MIUDOS A7","","M 10.24 VENTILADOR MIUDOS A7",""
"M 10.25","VENTILADOR SALA DE MIUDOS A7","","M 10.25 VENTILADOR SALA DE MIUDOS A7",""
"M 10.26","ESTEIRA CONDICIONAIS 01 A13","","M 10.26 ESTEIRA CONDICIONAIS 01 A13",""
"M 10.27","ESTEIRA CONDICIONAIS 02 A13","","M 10.27 ESTEIRA CONDICIONAIS 02 A13",""
"M 10.28","PORTA A13","","M 10.28 PORTA A13",""
"M 12.1","ESTEIRA A11","","M 12.1 ESTEIRA A11",""
"M 12.2","ESTEIRA AEREA TILE II A11","","M 12.2 ESTEIRA AEREA TILE II A11",""
"M 12.3","ESTEIRA SAIDA BAADER 2","","M 12.3 ESTEIRA SAIDA BAADER 2",""
"M 12.4","LINHA CONE B A11","","M 12.4 LINHA CONE B A11",""
"M 12.6","EEC 12.6 A11","","M 12.6 EEC 12.6 A11",""
"M 12.7","ESTEIRA FILE BAADER A13","","M 12.7 ESTEIRA FILE BAADER A13",""
"M 12.11","12.11 A11 AREA DE PEITO 2","","M 12.11 12.11 A11 AREA DE PEITO 2",""
"M 12.12","ESTEIRA AEREA TILE II A11","","M 12.12 ESTEIRA AEREA TILE II A11",""
"M 12.14","FILE DE PEITO A11 FRENTE CM","","M 12.14 FILE DE PEITO A11 FRENTE CM",""
"M 12.15","ESTEIRA 12.15 ABAST. DO CHILLER","","M 12.15 ESTEIRA 12.15 ABAST. DO CHILLER",""
"M 12.17","12.17 A11 B8","","M 12.17 12.17 A11 B8",""
"M 12.18","12.18 A11","","M 12.18 12.18 A11",""
"M 12.19","ESTEIRA LATERAL LINHA DE CONS","","M 12.19 ESTEIRA LATERAL LINHA DE CONS",""
"M 12.25","ESTEIRA ACIMA MAREL TUMBLER A","","M 12.25 ESTEIRA ACIMA MAREL TUMBLER A",""
"M 12.26","12.26 SAIDA EMBALAGEM 13 A11","","M 12.26 12.26 SAIDA EMBALAGEM 13 A11",""
"M 12.27","ESTEIRA DORSO 2 CONE A11","","M 12.27 ESTEIRA DORSO 2 CONE A11",""
"M 12.28","A11 ESTEIRA SAIDA DO CORTE AUT","","M 12.28 A11 ESTEIRA SAIDA DO CORTE AUT",""
"M 12.29","ALIMENTADORA CONE A11","","M 12.29 ALIMENTADORA CONE A11",""
"M 12.30","A11 SEM INVERSOR NO LOCAL","","M 12.30 A11 SEM INVERSOR NO LOCAL",""
"M 12.31","EHZ 12.31 A12","","M 12.31 EHZ 12.31 A12",""
"M 12.32","PRINCIPAL PEITO E FILE A12","","M 12.32 PRINCIPAL PEITO E FILE A12",""
"M 12.33","PRINCIPAL COXA E ASA A12","","M 12.33 PRINCIPAL COXA E ASA A12",""
"M 12.34","ELEVATORIA SAIDA CONE A12","","M 12.34 ELEVATORIA SAIDA CONE A12",""
"M 12.35","ESTEIRA COXINHA DA ASA 12.35 A13","","M 12.35 ESTEIRA COXINHA DA ASA 12.35 A13",""
"M 12.36","ESTEIRA AEREA FILE A12","","M 12.36 ESTEIRA AEREA FILE A12",""
"M 12.37","12.37 ESTEIRA NOVA ASA A12","","M 12.37 12.37 ESTEIRA NOVA ASA A12",""
"M 12.38","EDL 12.38 B7 III","","M 12.38 EDL 12.38 B7 III",""
"M 12.39","SEM MOTOR B7 IV","","M 12.39 SEM MOTOR B7 IV",""
"M 12.41","SAMBIQUIRA A12 VELOCIDADE CONFIGURAVEL","","M 12.41 SAMBIQUIRA A12 VELOCIDADE CONFIGURAVEL",""
"M 12.42","ESTEIRA PELE BAADER A12","","M 12.42 ESTEIRA PELE BAADER A12",""
"M 12.43","ESTEIRA RETORNO DE FILE A12","","M 12.43 ESTEIRA RETORNO DE FILE A12",""
"M 12.44","SEM MOTOR","","M 12.44 SEM MOTOR",""
"M 12.45","ESTEIRA PE RESFRIAMENTO COM SENSOR","","M 12.45 ESTEIRA PE RESFRIAMENTO COM SENSOR",""
"M 12.48","ESTEIRA AEREA DO PEITO A12","","M 12.48 ESTEIRA AEREA DO PEITO A12",""
"M 12.49","LINHA DE CONE A12 LV.7.2","","M 12.49 LINHA DE CONE A12 LV.7.2",""
"M 12.50","MESA DE REFILE B19.02","","M 12.50 MESA DE REFILE B19.02",""
"M 12.52","ESTEIRA ELEVAT. CONE 1 A13","","M 12.52 ESTEIRA ELEVAT. CONE 1 A13",""
"M 12.53","ESTEIRA ELEVAT. CONE 2 A13","","M 12.53 ESTEIRA ELEVAT. CONE 2 A13",""
"M 12.55","12.55","","M 12.55 12.55",""
"M 12.56","SEM USO","","M 12.56 SEM USO",""
"M 12.57","SEM MOTOR","","M 12.57 SEM MOTOR",""
"M 12.58","ESTEIRA","","M 12.58 ESTEIRA",""
"M 12.59","ESTEIRA","","M 12.59 ESTEIRA",""
"M 12.60","SEM MOTOR","","M 12.60 SEM MOTOR",""
"M 12.80","12.80 A16","","M 12.80 12.80 A16",""
"M 12.81","12.81 A16","","M 12.81 12.81 A16",""
"M 12.82","FRONT HALF 2 CORTE 2 A16","","M 12.82 FRONT HALF 2 CORTE 2 A16",""
"M 12.83","FRONT HALF 1 CORTE 1 A16","","M 12.83 FRONT HALF 1 CORTE 1 A16",""
"M 12.84","ESTEIRA SAIDA BAADER 1 A16","","M 12.84 ESTEIRA SAIDA BAADER 1 A16",""
"M 12.85","ESTEIRA DE REFILE PORTA A16","","M 12.85 ESTEIRA DE REFILE PORTA A16",""
"M 12.86","ESTEIRA ASA AUT 02 A16","","M 12.86 ESTEIRA ASA AUT 02 A16",""
"M 12.87","ESTEIRA DORSO LINHA CONE A16","","M 12.87 ESTEIRA DORSO LINHA CONE A16",""
"M 12.88","FRONT HALF 02 CORTE 2 A16","","M 12.88 FRONT HALF 02 CORTE 2 A16",""
"M 12.89","ESTEIRA PEITO A16","","M 12.89 ESTEIRA PEITO A16",""
"M 12.90","ESTEIRA PEITO CORTE 2 A16","","M 12.90 ESTEIRA PEITO CORTE 2 A16",""
"M 12.91","ESTEIRA FILM 5 BAADER 2 A16","","M 12.91 ESTEIRA FILM 5 BAADER 2 A16",""
"M 12.95","ESTEIRA RETORNO DAS EMBALADORAS","","M 12.95 ESTEIRA RETORNO DAS EMBALADORAS",""
"M 12.96","ESTEIRA SASSAMI SAIDA BAADER A16","","M 12.96 ESTEIRA SASSAMI SAIDA BAADER A16",""
"EST13.00","ESTEIRA A16 M13.00","","EST13.00 ESTEIRA A16 M13.00",""
"M 13.1","VENTILADOR CORTES TEMPERADO B07","","M 13.1 VENTILADOR CORTES TEMPERADO B07",""
"M 13.2","VENTILADOR CORTES TEMPERADO B7","","M 13.2 VENTILADOR CORTES TEMPERADO B7",""
"M 13.3","VENTILADOR CORTES TEMPERADO B7","","M 13.3 VENTILADOR CORTES TEMPERADO B7",""
"M 13.4","VENTILADOR CORTES TEMPERADO B7","","M 13.4 VENTILADOR CORTES TEMPERADO B7",""
"M 13.5","VENTILADOR CORTES TEMPERADO B7","","M 13.5 VENTILADOR CORTES TEMPERADO B7",""
"M 13.6","VENTILADOR CORTES TEMPERADO B7","","M 13.6 VENTILADOR CORTES TEMPERADO B7",""
"M 13.7","VENTILADOR CORTES TEMPERADO B7","","M 13.7 VENTILADOR CORTES TEMPERADO B7",""
"M 13.8","VENTILADOR CORTES TEMPERADO B7","","M 13.8 VENTILADOR CORTES TEMPERADO B7",""
"M 13.9","B7","","M 13.9 B7",""
"M 13.10","ESTEIRA DEBAIXO MAREL TUMBLER B","","M 13.10 ESTEIRA DEBAIXO MAREL TUMBLER B",""
"M 13.11","ESTEIRA SAIDA TUMBLER B14","","M 13.11 ESTEIRA SAIDA TUMBLER B14",""
"M 13.12","INV A21 13 ESTEIRA TUMBLER","","M 13.12 INV A21 13 ESTEIRA TUMBLER",""
"M 13.13","INV A21 14 ESTEIRA ELEVATORIA","","M 13.13 INV A21 14 ESTEIRA ELEVATORIA",""
"M 13.14","RESERVA ANTIGA ESTEIRA AEREA FILE","","M 13.14 RESERVA ANTIGA ESTEIRA AEREA FILE",""
"M 13.15","ESTEIRA FILE 1M","","M 13.15 ESTEIRA FILE 1M",""
"M 13.16","13.16 B-14","","M 13.16 13.16 B-14",""
"M 13.17","ESTEIRA CARTILAGEM","","M 13.17 ESTEIRA CARTILAGEM",""
"M 14.1","CORTINA DE AR SALA DE CANELINHAS","","M 14.1 CORTINA DE AR SALA DE CANELINHAS",""
"M 14.2","ESTEIRA MAO DA ASA ELEVATORIA 1","","M 14.2 ESTEIRA MAO DA ASA ELEVATORIA 1",""
"M 14.3","DISJUNTOR PORTA A7","","M 14.3 DISJUNTOR PORTA A7",""
"M 14.4","ESTEIRA ELEVATORIA 14.4","","M 14.4 ESTEIRA ELEVATORIA 14.4",""
"M 14.5","ESTEIRA ENTRADA CMS PORTA A7","","M 14.5 ESTEIRA ENTRADA CMS PORTA A7",""
"M 14.6","MOTOR CAFE","","M 14.6 MOTOR CAFE",""
"M 14.7","VENTILADOR CMS","","M 14.7 VENTILADOR CMS",""
"M 14.8","VENTILADOR CMS","","M 14.8 VENTILADOR CMS",""
"M 15.3","VENTILADOR FRANGOS INTEIROS","","M 15.3 VENTILADOR FRANGOS INTEIROS",""
"M 15.4","VENTILADOR FRANGOS INTEIROS A7","","M 15.4 VENTILADOR FRANGOS INTEIROS A7",""
"M 15.5","VENTILADOR FRANGOS INTEIROS A7","","M 15.5 VENTILADOR FRANGOS INTEIROS A7",""
"M 15.6","VENTILADOR FRANGOS INTEIROS","","M 15.6 VENTILADOR FRANGOS INTEIROS",""
"M 15.7","CORTINA DE AR A7","","M 15.7 CORTINA DE AR A7",""
"M 15.8","CORTINA DE AR HALL SALA DE CORTE","","M 15.8 CORTINA DE AR HALL SALA DE CORTE",""
"M 15.9","ESTEIRA EMBALAGEM PADRAO A7","","M 15.9 ESTEIRA EMBALAGEM PADRAO A7",""
"M 16.1","GRUPO VEN-05.87 E VEN-05.98","","M 16.1 GRUPO VEN-05.87 E VEN-05.98",""
"M 16.2","PORTA A7 ELETROMAGNETICA","","M 16.2 PORTA A7 ELETROMAGNETICA",""
"M 16.3","VENTILADOR FRANGOS CLASSIFICACAO","","M 16.3 VENTILADOR FRANGOS CLASSIFICACAO",""
"M 16.4","VENTILADOR FRANGOS CLASSIFICACAO","","M 16.4 VENTILADOR FRANGOS CLASSIFICACAO",""
"M 17.6","CARTUCHO","","M 17.6 CARTUCHO",""
"M 17.9","SEM MOTOR A10","","M 17.9 SEM MOTOR A10",""
"M 17.10","A10 SEM INVERSOR NO LOCAL","","M 17.10 A10 SEM INVERSOR NO LOCAL",""
"M 17.12","VENTILADOR EMBALAGEM SECUNDARIA A","","M 17.12 VENTILADOR EMBALAGEM SECUNDARIA A",""
"M 17.13","VENTILADOR EMBALAGEM SECUNDARIA A","","M 17.13 VENTILADOR EMBALAGEM SECUNDARIA A",""
"M 17.14","VENTILADOR EMBALAGEM SECUNDARIA A","","M 17.14 VENTILADOR EMBALAGEM SECUNDARIA A",""
"M 17.15","VENTILADOR EMBALAGEM SECUNDARIA A","","M 17.15 VENTILADOR EMBALAGEM SECUNDARIA A",""
"M 17.16","VENTILADOR EMBALAGEM SECUNDARIA B A07","","M 17.16 VENTILADOR EMBALAGEM SECUNDARIA B A07",""
"M 17.17","VENTILADOR EMBALAGEM SECUNDARIA B","","M 17.17 VENTILADOR EMBALAGEM SECUNDARIA B",""
"M 17.18","VENTILADOR EMBALAGEM SECUNDARIA B","","M 17.18 VENTILADOR EMBALAGEM SECUNDARIA B",""
"M 17.19","VENTILADOR EMBALAGEM SECUNDARIA B","","M 17.19 VENTILADOR EMBALAGEM SECUNDARIA B",""
"M 17.21A","BBA LAVAGEM CARCACA A10","BOM-00.54","M 17.21A BBA LAVAGEM CARCACA A10 BOM-00.54",""
"M 17.21B","BBA RESERVA LAVADOR DE CARCACA","","M 17.21B BBA RESERVA LAVADOR DE CARCACA",""
"M 19.1","VENTILADOR EQUALIZACAO","","M 19.1 VENTILADOR EQUALIZACAO",""
"M 19.2","VENTILADOR EQUALIZACAO","","M 19.2 VENTILADOR EQUALIZACAO",""
"M 19.3","ESTEIRA EMBALADORA B11","","M 19.3 ESTEIRA EMBALADORA B11",""
"M 19.4","ESTEIRA ABAIXO CORTE AUTOMATICO","","M 19.4 ESTEIRA ABAIXO CORTE AUTOMATICO",""
"M 19.5","B11","","M 19.5 B11",""
"M 19.6","ESTEIRA RETORNO PEITO SAIDA EMBALAGEM","","M 19.6 ESTEIRA RETORNO PEITO SAIDA EMBALAGEM",""
"M 19.7","ESTEIRA SAIDA CARTILAGEM","","M 19.7 ESTEIRA SAIDA CARTILAGEM",""
"M 19.9","ESTEIRA RETORNO DA MAREL B11","","M 19.9 ESTEIRA RETORNO DA MAREL B11",""
"M 19.10","ESTEIRA EMBALAGEM B11","","M 19.10 ESTEIRA EMBALAGEM B11",""
"M 19.11","SAIDA EMBALADORA ASA","","M 19.11 SAIDA EMBALADORA ASA",""
"M 19.12","SAIDA EMBALADORA A10 B11","","M 19.12 SAIDA EMBALADORA A10 B11",""
"M 19.13","ESTEIRA AEREA PACOTE COXA B11","","M 19.13 ESTEIRA AEREA PACOTE COXA B11",""
"M 19.14","ESTEIRA LATERAL COXA B11","","M 19.14 ESTEIRA LATERAL COXA B11",""
"M 19.15","ESTEIRA AEREA SASSAMI B11","","M 19.15 ESTEIRA AEREA SASSAMI B11",""
"M 19.16","TRITURADOR DE OSSO B11","","M 19.16 TRITURADOR DE OSSO B11",""
"M 19.18","DISJ. B11 INV. A11","","M 19.18 DISJ. B11 INV. A11",""
"M 19.19","ESTEIRA DE FILE PRINCIPAL B11","","M 19.19 ESTEIRA DE FILE PRINCIPAL B11",""
"M 19.20","B11 VAGO RESERVA","","M 19.20 B11 VAGO RESERVA",""
"M 19.21","ESTEIRA PEITO B11","","M 19.21 ESTEIRA PEITO B11",""
"M 19.22","ESTEIRA ABAIXO CORTE AUTOMATICO","","M 19.22 ESTEIRA ABAIXO CORTE AUTOMATICO",""
"ACA00.01","ARRANCADOR DE CABECA PAINEL","","ACA00.01 ARRANCADOR DE CABECA PAINEL",""
"EXT.PEL","EXTRATOR DE PELE PESCOCO PAINEL","","EXT.PEL EXTRATOR DE PELE PESCOCO PAINEL",""
"EST09.21","A12-25 GIRAFA DE SCARTE","","EST09.21 A12-25 GIRAFA DE SCARTE",""
"EST09.25","INV A12.21 ESTEIRA DE CLASSIFICACAO","","EST09.25 INV A12.21 ESTEIRA DE CLASSIFICACAO",""
"EST09.26","ESTEIRA DE BAIXO DA","","EST09.26 ESTEIRA DE BAIXO DA",""
"EST09.27","ESTEIRA DE CIMA DA","","EST09.27 ESTEIRA DE CIMA DA",""
"EST09.28","A13.02 ESTEIRA CLASSIFICACAO","","EST09.28 A13.02 ESTEIRA CLASSIFICACAO",""
"EST09.29","A13 PT FT","","EST09.29 A13 PT FT",""
"EST09.31","A13.03 ESTEIRA CLASSIFICACAO","","EST09.31 A13.03 ESTEIRA CLASSIFICACAO",""
"EST09.32","A13 PT M","","EST09.32 A13 PT M",""
"EST09.33","A13.04 ESTEIRA CM MI","","EST09.33 A13.04 ESTEIRA CM MI",""
"EST09.34","A13.06 ESTEIRA CX MI","","EST09.34 A13.06 ESTEIRA CX MI",""
"EST09.37","A13.05 ESTEIRA CURVES PT","","EST09.37 A13.05 ESTEIRA CURVES PT",""
"EST10.17","A12 ESTEIRA APOS SAIDA","","EST10.17 A12 ESTEIRA APOS SAIDA",""
"EST12.55","B21.07 ESTEIRA ELEV. OSSO CMS","","EST12.55 B21.07 ESTEIRA ELEV. OSSO CMS",""
"EST12.56","R22.07 ESTEIRA AEREA OSSO CMS","","EST12.56 R22.07 ESTEIRA AEREA OSSO CMS",""
"EST119.26","ESTEIRA ALIMENTADORA EMB 11","","EST119.26 ESTEIRA ALIMENTADORA EMB 11",""
"EST119.27","ESTEIRA ALIMENTADORA LATERAL EMBALAGEM","","EST119.27 ESTEIRA ALIMENTADORA LATERAL EMBALAGEM",""
"EST119.35","INV AT2-21 ESTEIRA DE CLASSIFICACAO","","EST119.35 INV AT2-21 ESTEIRA DE CLASSIFICACAO",""
"MOB-01.1","MOB-01.14 RESERVA LAVADORA DE CARCACA","","MOB-01.1 MOB-01.14 RESERVA LAVADORA DE CARCACA",""
"MOB-00.7","MOB-00.78 BOMBA LAVADORA DE CARCACA","","MOB-00.7 MOB-00.78 BOMBA LAVADORA DE CARCACA",""
"M 11.2","SEM MOTOR A7","","M 11.2 SEM MOTOR A7",""
"M 11.3","SEM MOTOR A7","","M 11.3 SEM MOTOR A7",""
"EST00.20","B21.05 REPRENDURA CORTE AUT 01","","EST00.20 B21.05 REPRENDURA CORTE AUT 01",""
"EST00.21","B21.06 REPRENDURA CORTE AUT 02","","EST00.21 B21.06 REPRENDURA CORTE AUT 02",""
"EST00.22","B21.08 GIRAFA PARA REPRENDURA C","","EST00.22 B21.08 GIRAFA PARA REPRENDURA C",""
"EST10.29","B20.02 ASA DO CORTE AUT. PARA","","EST10.29 B20.02 ASA DO CORTE AUT. PARA",""
"EST10.30","B20.06 ESTEIRA DE ASA PARA EMBALAGEM","","EST10.30 B20.06 ESTEIRA DE ASA PARA EMBALAGEM",""
"EST10.31","B19.10 SASSAMI REFILADO","","EST10.31 B19.10 SASSAMI REFILADO",""
"EST10.32","B19.09 SASSAMI PARA REFILE","","EST10.32 B19.09 SASSAMI PARA REFILE",""
"EST10.33","B19.12 ESTEIRA PARA PADRONIZACAO","","EST10.33 B19.12 ESTEIRA PARA PADRONIZACAO",""
"EST10.34","B19.06 DESCARTE SASSAMI","","EST10.34 B19.06 DESCARTE SASSAMI",""
"EST10.35","B19.04 GIRAFA PEITO PARA MARINADO","","EST10.35 B19.04 GIRAFA PEITO PARA MARINADO",""
"EST10.39","INV-B22.03 ESTEIRA AEREA PARA FOODMATE B","","EST10.39 INV-B22.03 ESTEIRA AEREA PARA FOODMATE B",""
"EST10.40","INV-B22.04 COXA E SOBRECOXA","","EST10.40 INV-B22.04 COXA E SOBRECOXA",""
"EST10.41","INV-B22.10 ELEVATORIA COXA SOBRECOXA","","EST10.41 INV-B22.10 ELEVATORIA COXA SOBRECOXA",""
"EST10.42","INV-B22.05 SAIDA BL DA FOODMATE","","EST10.42 INV-B22.05 SAIDA BL DA FOODMATE",""
"EST10.43","INV-B22.06 ELEVATORIA DE OSSO","","EST10.43 INV-B22.06 ELEVATORIA DE OSSO",""
"EST10.44","INV-B22.08 PENDURA COXA A SOBRECOXA","","EST10.44 INV-B22.08 PENDURA COXA A SOBRECOXA",""
"EST10.45","INV-B22.09 ESTEIRA REFILE","","EST10.45 INV-B22.09 ESTEIRA REFILE",""
"EST10.46","INV-B22.11 BLOCO PACOTE SELAGEM","","EST10.46 INV-B22.11 BLOCO PACOTE SELAGEM",""
"EST10.47","INV-B22.12 ESTEIRA ELEVATORIA","","EST10.47 INV-B22.12 ESTEIRA ELEVATORIA",""
"EST10.48","B20.13 ESTEIRA AEREA CORTES","","EST10.48 B20.13 ESTEIRA AEREA CORTES",""
"EST10.49","INV-B21.04 ESTEIRA AEREA SECUNDARIA","","EST10.49 INV-B21.04 ESTEIRA AEREA SECUNDARIA",""
"EST10.50","REFILE DE SHAWARMA B21.13","","EST10.50 REFILE DE SHAWARMA B21.13",""
"EST10.51","B21.11 ESTEIRA SOBREPOSTA SHAWARMA","","EST10.51 B21.11 ESTEIRA SOBREPOSTA SHAWARMA",""
"EST10.52","B21.12 DESCARTE DE SHAWARMA","","EST10.52 B21.12 DESCARTE DE SHAWARMA",""
"EST10.53","A22.02 SHAWARMA PARA SELAGEM","","EST10.53 A22.02 SHAWARMA PARA SELAGEM",""
"EST10.54","DESCARTE DE OSSO 01 B16 12.94","","EST10.54 DESCARTE DE OSSO 01 B16 12.94",""
"EST10.55","DESCARTE DE OSSO 02 CIRCUITO 12","","EST10.55 DESCARTE DE OSSO 02 CIRCUITO 12",""
"EST10.56","SAIDA DE OSSO DA MAYEKAWA 01","","EST10.56 SAIDA DE OSSO DA MAYEKAWA 01",""
"EST10.57","SAIDA DE OSSO DA MAYEKAWA 02","","EST10.57 SAIDA DE OSSO DA MAYEKAWA 02",""
"EST10.58","DESCARTE OSSO 03 A12","","EST10.58 DESCARTE OSSO 03 A12",""
"EST10.59","INV-B23.02 GIRAFA DE SHAWARMA","","EST10.59 INV-B23.02 GIRAFA DE SHAWARMA",""
"EST10.60","INV-B23.01 SHAWARMA PARA SECUNDARIO","","EST10.60 INV-B23.01 SHAWARMA PARA SECUNDARIO",""
"EST10.61","INV-B23.01 RETORNO DE BANDEJA","","EST10.61 INV-B23.01 RETORNO DE BANDEJA",""
"EST10.62","B20.08 ESTEIRA SOBREPOSTA PACOTE","","EST10.62 B20.08 ESTEIRA SOBREPOSTA PACOTE",""
"EST10.63","B19.11 SAIDA ASSIM DO CORTE","","EST10.63 B19.11 SAIDA ASSIM DO CORTE",""
"EST10.64","B20.03 ASA PARA ESTEIRA DE EMBALAGEM","","EST10.64 B20.03 ASA PARA ESTEIRA DE EMBALAGEM",""
"EST10.65","B20.10 ASA SHAWARMA AEREA","","EST10.65 B20.10 ASA SHAWARMA AEREA",""
"EST10.66","B20.03 GIRAFA FILE SASSAMI","","EST10.66 B20.03 GIRAFA FILE SASSAMI",""
"EST10.67","A22.09 ESTEIRA AEREA DE PERNAS","","EST10.67 A22.09 ESTEIRA AEREA DE PERNAS",""
"EST10.68","B19.11 ESTEIRA ELEVATORIA DE COXAS E SOBRECOXA","","EST10.68 B19.11 ESTEIRA ELEVATORIA DE COXAS E SOBRECOXA",""
"EST10.69","ESTEIRA AEREA DE COXAS B23.10","","EST10.69 ESTEIRA AEREA DE COXAS B23.10",""
"EST10.70","A22.07 ELEVATORIA DE SOBRECOXA","","EST10.70 A22.07 ELEVATORIA DE SOBRECOXA",""
"EST10.72","A20.10 ESTEIRA SAIDA DE OSSO","","EST10.72 A20.10 ESTEIRA SAIDA DE OSSO",""
"EST10.73","A22.04 ELEVATORIA SOBRECOXA","","EST10.73 A22.04 ELEVATORIA SOBRECOXA",""
"EST10.75","A22.05 ELEVATORIA SOBRECOXA CLASSIFICACAO","","EST10.75 A22.05 ELEVATORIA SOBRECOXA CLASSIFICACAO",""
"EST10.76","ESTEIRA PARA REFILE SASSAMI DO CORTE","","EST10.76 ESTEIRA PARA REFILE SASSAMI DO CORTE",""
"EST10.77","A22.06 ESTEIRA CENTRAL DESOSSA","","EST10.77 A22.06 ESTEIRA CENTRAL DESOSSA",""
"EST10.78","INV-B22.02 ESTEIRA DE BANDEJA","","EST10.78 INV-B22.02 ESTEIRA DE BANDEJA",""
"EST10.79","A22.04 ELEVATORIA SOBRECOXA D","","EST10.79 A22.04 ELEVATORIA SOBRECOXA D",""
"EST10.80","B20.03 GIRAFA ELEVATORIA S","","EST10.80 B20.03 GIRAFA ELEVATORIA S",""
"EST10.81","B21.09 ESTEIRA SOBREPOSTA CLASSIFICACAO","","EST10.81 B21.09 ESTEIRA SOBREPOSTA CLASSIFICACAO",""
"EST10.82","ESTEIRA AEREA DE CORTES B21.10","","EST10.82 ESTEIRA AEREA DE CORTES B21.10",""
"EST10.83","B21.09 ESTEIRA SOBREPOSTA CLASSIFICACAO","","EST10.83 B21.09 ESTEIRA SOBREPOSTA CLASSIFICACAO",""
"EST10.84","INV-B22.13 ESTEIRA ELEVATORIA","","EST10.84 INV-B22.13 ESTEIRA ELEVATORIA",""
"EST10.85","B21.03 ESTEIRA DE BANDEJA","","EST10.85 B21.03 ESTEIRA DE BANDEJA",""
"EST10.86","B21.01 ESTEIRA ENTRADA DA MESA","","EST10.86 B21.01 ESTEIRA ENTRADA DA MESA",""
"EST10.87","ESTEIRA MODULAR MOVEL EM CURVA D","","EST10.87 ESTEIRA MODULAR MOVEL EM CURVA D",""
"EST10.88","B20.11 ESTEIRA TILE DE PEITO","","EST10.88 B20.11 ESTEIRA TILE DE PEITO",""
"EST10.89","B20.12 ESTEIRA TILE DE PEITO","","EST10.89 B20.12 ESTEIRA TILE DE PEITO",""
"EST10.91","B21.02 ESTEIRA DE BANDEJA","","EST10.91 B21.02 ESTEIRA DE BANDEJA",""
"EST10.92","ESTEIRA AEREA DE BANDEJA","","EST10.92 ESTEIRA AEREA DE BANDEJA",""
"EST10.93","ESTEIRA MODULAR MOVEL EM CURVA D","","EST10.93 ESTEIRA MODULAR MOVEL EM CURVA D",""
"EST10.94","ESTEIRA RETORNO CORTES B03.08","","EST10.94 ESTEIRA RETORNO CORTES B03.08",""
"EST10.95","ESTEIRA AEREA DISTRIBUIDORA DE BANDEJA","","EST10.95 ESTEIRA AEREA DISTRIBUIDORA DE BANDEJA",""
"EST10.97","INV-B22.01 SAIDA 02 DA EMBALADORA","","EST10.97 INV-B22.01 SAIDA 02 DA EMBALADORA",""
"EST13.01","A18.09 ESTEIRA SAIDA REFILETADA","","EST13.01 A18.09 ESTEIRA SAIDA REFILETADA",""
"EST13.02","A22.11 ESTEIRA AEREA PARA MARINADO","","EST13.02 A22.11 ESTEIRA AEREA PARA MARINADO",""
"EST13.03","A22.01 ESTEIRA TILE PARA CLASSIFICACAO","","EST13.03 A22.01 ESTEIRA TILE PARA CLASSIFICACAO",""
"EST13.05","B19.01 ESTEIRA ELEVATORIA PARA RAIO-X","","EST13.05 B19.01 ESTEIRA ELEVATORIA PARA RAIO-X",""
"EST13.12","INV A21 13 ESTEIRA TUMBLER","","EST13.12 INV A21 13 ESTEIRA TUMBLER",""
"EST13.13","INV A21 14 ESTEIRA ELEVATORIA","","EST13.13 INV A21 14 ESTEIRA ELEVATORIA",""
"EST13.23","A22.11 ESTEIRA AEREA DE SASSAMI","","EST13.23 A22.11 ESTEIRA AEREA DE SASSAMI",""
"EST101102","B20.05 ASA EMBALADA PARA MARINADO","","EST101102 B20.05 ASA EMBALADA PARA MARINADO",""
"EST101103","A20.02 ESTEIRA 02","","EST101103 A20.02 ESTEIRA 02",""
"EST101104","A20.04 ESTEIRA 02","","EST101104 A20.04 ESTEIRA 02",""
"EST101105","A20.05 ESTEIRA FILE 2 LINHA CONE","","EST101105 A20.05 ESTEIRA FILE 2 LINHA CONE",""
"EST101106","A20.06 ESTEIRA PONTA ASA","","EST101106 A20.06 ESTEIRA PONTA ASA",""
"EST101107","A20.07 ESTEIRA A07","","EST101107 A20.07 ESTEIRA A07",""
"EST101108","A20.09 ESCOVA LINHA DE COXA","","EST101108 A20.09 ESCOVA LINHA DE COXA",""
"EST101109","A20.05 ESTEIRA FILE 2 LINHA CONE","","EST101109 A20.05 ESTEIRA FILE 2 LINHA CONE",""
"EST101111","A20 ESTEIRA PONTA ASA","","EST101111 A20 ESTEIRA PONTA ASA",""
"EST101115","A21.01 ESTEIRA CARCACA","","EST101115 A21.01 ESTEIRA CARCACA",""
"EST101116","A21.02 PEITO COM OSSO CORTE","","EST101116 A21.02 PEITO COM OSSO CORTE",""
"EST101117","A21.03 COXA C A","","EST101117 A21.03 COXA C A",""
"EST101118","A21.04 ESTEIRA FRONT HALF CONE","","EST101118 A21.04 ESTEIRA FRONT HALF CONE",""
"EST101119","A21.05 FILE 2 BAADER ELEVATORIA","","EST101119 A21.05 FILE 2 BAADER ELEVATORIA",""
"EST101120","A21.06 SAIDA DA PENEIRA ROTATORIA","","EST101120 A21.06 SAIDA DA PENEIRA ROTATORIA",""
"EST101121","A21.07 ESTEIRA MAYEKAWA","","EST101121 A21.07 ESTEIRA MAYEKAWA",""
"EST101122","A21.08 ESTEIRA PEITO 02","","EST101122 A21.08 ESTEIRA PEITO 02",""
"EST101123","A21.09 RESERVA ANTIGA BOMBA B","","EST101123 A21.09 RESERVA ANTIGA BOMBA B",""
"EST101124","A21.10 ESTEIRA SAIDA BAADER 3","","EST101124 A21.10 ESTEIRA SAIDA BAADER 3",""
"EST109.40","ESTEIRA GIRAFA DE CARCACA GON","","EST109.40 ESTEIRA GIRAFA DE CARCACA GON",""
"EST109.41","ESTEIRA AEREA DE CARCACA L CON","","EST109.41 ESTEIRA AEREA DE CARCACA L CON",""
"EST19.07","ESTEIRA DESVIO PEITO COM OSSO","","EST19.07 ESTEIRA DESVIO PEITO COM OSSO",""
"EST12.12","INV A21 13 ESTEIRA TUMBLER","","EST12.12 INV A21 13 ESTEIRA TUMBLER",""
"UTA00.01","AS.16 NICHO 25.01","","UTA00.01 AS.16 NICHO 25.01",""
"UTA00.02","AS.17 NICHO 25.02","","UTA00.02 AS.17 NICHO 25.02",""
"UTA00.03","AS.18 NICHO 25.03","","UTA00.03 AS.18 NICHO 25.03",""
"UTA00.04","AS.19 NICHO 25.04","","UTA00.04 AS.19 NICHO 25.04",""
"UTA00.05","AS.20 NICHO 25.05","","UTA00.05 AS.20 NICHO 25.05",""
"INF-00.04","B13.8 INSUFLADOR 04 EVISCERACAO","","INF-00.04 B13.8 INSUFLADOR 04 EVISCERACAO",""
"INF-00.05","B13.9 INSUFLADOR 05 EVISCERACAO","","INF-00.05 B13.9 INSUFLADOR 05 EVISCERACAO",""
"INF-00.06","B13.10 INSUFLADOR 06 EVISCERACAO","","INF-00.06 B13.10 INSUFLADOR 06 EVISCERACAO",""
"INF-00.07","B13.3 INSUFLADOR 07 DEPENAGEM","","INF-00.07 B13.3 INSUFLADOR 07 DEPENAGEM",""
"INF-00.09","B13.2 INSUFLADOR 09 SANGRIA","","INF-00.09 B13.2 INSUFLADOR 09 SANGRIA",""
"INF-00.10","B13.4 INSUFLADOR 10 DEPENAGEM","","INF-00.10 B13.4 INSUFLADOR 10 DEPENAGEM",""
"INF-00.11","B13.1 INSUFLADOR 01 PENDURA","","INF-00.11 B13.1 INSUFLADOR 01 PENDURA",""
"INF-00.13","B13.5 INSUFLADOR 13 DEPENAGEM","","INF-00.13 B13.5 INSUFLADOR 13 DEPENAGEM",""
"INF-00.14","B13.6 INSUFLADOR 14 DEPENAGEM","","INF-00.14 B13.6 INSUFLADOR 14 DEPENAGEM",""
"INF-00.15","B13.7 INSUFLADOR 15 DEPENAGEM","","INF-00.15 B13.7 INSUFLADOR 15 DEPENAGEM",""
"EST-09.23","A22-09.23 ESTEIRA ELEVATORIA CARCACA","","EST-09.23 A22-09.23 ESTEIRA ELEVATORIA CARCACA",""
"EST-09.24","A22-09.24 ESTEIRA AREA CARCACA LINEAR","","EST-09.24 A22-09.24 ESTEIRA AREA CARCACA LINEAR",""
"CLI-00.01","CLIMATIZADOR 01 PENDURA","","CLI-00.01 CLIMATIZADOR 01 PENDURA",""
"CLI-00.02","CLIMATIZADOR 02 PENDURA","","CLI-00.02 CLIMATIZADOR 02 PENDURA",""
"CLI-00.03","CLIMATIZADOR 03 PENDURA","","CLI-00.03 CLIMATIZADOR 03 PENDURA",""
"RESERVA","B8.06 RESERVA","","RESERVA B8.06 RESERVA",""
"EXT-HIGE","B8.07 EXAUSTOR HIGIENIZACAO","","EXT-HIGE B8.07 EXAUSTOR HIGIENIZACAO",""
"EXT-SANGR","B8.08 EXAUSTOR SANGRIA","","EXT-SANGR B8.08 EXAUSTOR SANGRIA",""
"VENT-SANG","B8.09 VENTILADOR SANGRIA","","VENT-SANG B8.09 VENTILADOR SANGRIA",""
"VENT-DEF","B8.10 VENTILADOR EMIR DEPENAGEM","","VENT-DEF B8.10 VENTILADOR EMIR DEPENAGEM",""
"EXT-00.33","B8.11 EXAUSTOR 23 DEPENAGEM","","EXT-00.33 B8.11 EXAUSTOR 23 DEPENAGEM",""
"EXT-24","B8.17 EXAUSTOR 24 PENDURA","","EXT-24 B8.17 EXAUSTOR 24 PENDURA",""
"EXT-25","B8.02 EXAUSTOR 25 PENDURA","","EXT-25 B8.02 EXAUSTOR 25 PENDURA",""
"EXT-26","B8.01 EXAUSTOR 26 PENDURA","","EXT-26 B8.01 EXAUSTOR 26 PENDURA",""
"EXT-00.22","B8.14 EXAUSTOR 22 DEPENAGEM","","EXT-00.22 B8.14 EXAUSTOR 22 DEPENAGEM",""
"EXT-00.32","B8.13 EXAUSTOR 32 DEPENAGEM","","EXT-00.32 B8.13 EXAUSTOR 32 DEPENAGEM",""
"VENT-3.4","B8.15 VENTILADOR DEPENAGEM","","VENT-3.4 B8.15 VENTILADOR DEPENAGEM",""
"M-B4.82","B14.02 LIMPA TRIPA EXV-00.01","","M-B4.82 B14.02 LIMPA TRIPA EXV-00.01",""
"ESC0002","INV-A09.07 ESCALDADOR DE PATAS","","ESC0002 INV-A09.07 ESCALDADOR DE PATAS",""
"MAP0001","INV-A09.08 PELICARDIO","","MAP0001 INV-A09.08 PELICARDIO",""
"XX19.17","DISPONIVEL CIRCUITO 19.17 B11","","XX19.17 DISPONIVEL CIRCUITO 19.17 B11",""
"IN500.15","INSUFLADOR 00.15 ESCALDAGEM A7","","IN500.15 INSUFLADOR 00.15 ESCALDAGEM A7",""
"EX103.01","EXAUSTOR 03.01 DEPENAGEM A7.15","","EX103.01 EXAUSTOR 03.01 DEPENAGEM A7.15",""
"EST.6.47","PORTA A16","","EST.6.47 PORTA A16",""
"EXTRATORA PULMAO","BOM00.35","B16","EXTRATORA PULMAO BOM00.35 B16","CODIGO DUPLICADO"
"EXTRATORA PULMAO","LIGA DESLIGA ELIPSE","","EXTRATORA PULMAO LIGA DESLIGA ELIPSE","CODIGO DUPLICADO"
