"codigo","descricao","setor","observacao","termos_busca"
"03.06","VENTILADOR SIF DEPENAGEM","PORTA A4","","03.06 VENTILADOR SIF DEPENAGEM PORTA A4"
"EST 01.01","","PORTA A5","","EST 01.01 PORTA A5"
"EST 02.01A","","PORTA A5","","EST 02.01A PORTA A5"
"EST 02.01B","","PORTA A5","","EST 02.01B PORTA A5"
"EST 02.04","NOVA LONA PENDURA","PORTA A5","","EST 02.04 NOVA LONA PENDURA PORTA A5"
"EST 02.02","","PORTA A5","","EST 02.02 PORTA A5"
"EST 03.02","","PORTA A5","","EST 03.02 PORTA A5"
"EST 03.04","","PORTA A5","","EST 03.04 PORTA A5"
"EST 07.02","","PORTA A5","","EST 07.02 PORTA A5"
"DPT","LIMPA LINHA - INV 07.03","PORTA A5","","DPT LIMPA LINHA - INV 07.03 PORTA A5"
"EST 07.04","","PORTA A5","","EST 07.04 PORTA A5"
"EST 07.05","","PORTA A5","","EST 07.05 PORTA A5"
"EST 08.02","","PORTA A5","","EST 08.02 PORTA A5"
"EST 09.05A","","PORTA A5","","EST 09.05A PORTA A5"
"EST 09.05B","","PORTA A5","","EST 09.05B PORTA A5"
"9.1","CHILLER CONDICIONAIS","PORTA A5","","9.1 CHILLER CONDICIONAIS PORTA A5"
"9.2","NOREA DIF","PORTA A5","","9.2 NOREA DIF PORTA A5"
"9.3","NOREA PCC","PORTA A5","","9.3 NOREA PCC PORTA A5"
"25.1","NICHO 25.1","PORTA A5","","25.1 NICHO 25.1 PORTA A5"
"25.2","NICHO 25.2","PORTA A5","","25.2 NICHO 25.2 PORTA A5"
"25.3","NICHO 25.3","PORTA A5","","25.3 NICHO 25.3 PORTA A5"
"25.4","NICHO 25.4","PORTA A5","","25.4 NICHO 25.4 PORTA A5"
"25.5","NICHO 25.5","PORTA A5","","25.5 NICHO 25.5 PORTA A5"
"06.33","LAVADORA DE GANCHO DEP.","PORTA A5","","06.33 LAVADORA DE GANCHO DEP. PORTA A5"
"5.3A","NOREA PENDURA","PORTA A6","","5.3A NOREA PENDURA PORTA A6"
"5.3B","NOREA PENDURA","PORTA A6","","5.3B NOREA PENDURA PORTA A6"
"6.3A","NOREA EVISCERACAO","PORTA A6","","6.3A NOREA EVISCERACAO PORTA A6"
"6.3B","NOREA EVISCERACAO","PORTA A6","","6.3B NOREA EVISCERACAO PORTA A6"
"6.3","NOREA PINCA","PORTA A6","","6.3 NOREA PINCA PORTA A6"
"10-7","","PORTA A7","","10-7 PORTA A7"
"10-8","","PORTA A7","","10-8 PORTA A7"
"10-12","EXAUSTOR PRE CHILLER","PORTA A7","","10-12 EXAUSTOR PRE CHILLER PORTA A7"
"10-20","","PORTA A7","","10-20 PORTA A7"
"10-21","","PORTA A7","","10-21 PORTA A7"
"10-22","ACIONA VENTILADOR DA SALA DE MIUDOS","PORTA A7","","10-22 ACIONA VENTILADOR DA SALA DE MIUDOS PORTA A7"
"10-23","","PORTA A7","","10-23 PORTA A7"
"10-24","","PORTA A7","","10-24 PORTA A7"
"10-25","","PORTA A7","","10-25 PORTA A7"
"11-2","","PORTA A7","","11-2 PORTA A7"
"11-3","","PORTA A7","","11-3 PORTA A7"
"14-1","","PORTA A7","","14-1 PORTA A7"
"14-2","","PORTA A7","","14-2 PORTA A7"
"14-3","","PORTA A7","","14-3 PORTA A7"
"14-4","","PORTA A7","","14-4 PORTA A7"
"14-5","FOI INSTALADO INVERSOR PORTA 6","PORTA A7","","14-5 FOI INSTALADO INVERSOR PORTA 6 PORTA A7"
"14-7","","PORTA A7","","14-7 PORTA A7"
"14-8","","PORTA A7","","14-8 PORTA A7"
"14-9","","PORTA A7","","14-9 PORTA A7"
"15-1","INSUFLADOR LAVAGEM CAIXA BRANCA","PORTA A7","","15-1 INSUFLADOR LAVAGEM CAIXA BRANCA PORTA A7"
"15-2","EXAUSTOR LAVAGEM CAIXA BRANCA","PORTA A7","","15-2 EXAUSTOR LAVAGEM CAIXA BRANCA PORTA A7"
"15-3","","PORTA A7","","15-3 PORTA A7"
"15-4","","PORTA A7","","15-4 PORTA A7"
"15-5","","PORTA A7","","15-5 PORTA A7"
"15-6","","PORTA A7","","15-6 PORTA A7"
"15-7","CORTINA DE AR AREA DE DESCANSO","PORTA A7","","15-7 CORTINA DE AR AREA DE DESCANSO PORTA A7"
"15-8","CORTINA DE AR SALA DE CORTES","PORTA A7","","15-8 CORTINA DE AR SALA DE CORTES PORTA A7"
"15-9","ESTEIRA EMBALAGEM PADRAO","PORTA A7","","15-9 ESTEIRA EMBALAGEM PADRAO PORTA A7"
"16-1","VENTILADOR RESFRIAMENTO LIGA DOIS","PORTA A7","","16-1 VENTILADOR RESFRIAMENTO LIGA DOIS PORTA A7"
"16-2","EXPEDICAO","PORTA A7","","16-2 EXPEDICAO PORTA A7"
"16-3","","PORTA A7","","16-3 PORTA A7"
"16-4","","PORTA A7","","16-4 PORTA A7"
"17-12","","PORTA A7","","17-12 PORTA A7"
"17-13","","PORTA A7","","17-13 PORTA A7"
"17-14","","PORTA A7","","17-14 PORTA A7"
"17-15","","PORTA A7","","17-15 PORTA A7"
"18-16","","PORTA A7","","18-16 PORTA A7"
"17-17","","PORTA A7","","17-17 PORTA A7"
"17-18","","PORTA A7","","17-18 PORTA A7"
"17-19","","PORTA A7","","17-19 PORTA A7"
"10.1","CH. FIGADO","PORTA A9","","10.1 CH. FIGADO PORTA A9"
"10.2","CH. MOELA","PORTA A9","","10.2 CH. MOELA PORTA A9"
"10.3","CH. CABECA","PORTA A9","","10.3 CH. CABECA PORTA A9"
"10.4","CH. CORACAO","PORTA A9","","10.4 CH. CORACAO PORTA A9"
"10.5","CH. PE A","PORTA A9","","10.5 CH. PE A PORTA A9"
"10.6","CH. PE B","PORTA A9","","10.6 CH. PE B PORTA A9"
"EST 10.14","","PORTA A9","","EST 10.14 PORTA A9"
"EST 10.10","","PORTA A9","","EST 10.10 PORTA A9"
"EST 10.13","","PORTA A9","","EST 10.13 PORTA A9"
"EST 10.15","","PORTA A9","","EST 10.15 PORTA A9"
"EST 06.41","","PORTA A9","","EST 06.41 PORTA A9"
"EST 17.05","","PORTA A9","","EST 17.05 PORTA A9"
"EST 17.01","","PORTA A9","","EST 17.01 PORTA A9"
"EST 09.22","","PORTA A9","","EST 09.22 PORTA A9"
"9.6","SATELITE CHILLER 02","PORTA A9","","9.6 SATELITE CHILLER 02 PORTA A9"
"9.24","SATELITE CHILLER 01","PORTA A9","","9.24 SATELITE CHILLER 01 PORTA A9"
"9.23","CHILLER 01","PORTA A9","","9.23 CHILLER 01 PORTA A9"
"ESC-00.02","ESCALDADOR PATAS","PORTA A9","","ESC-00.02 ESCALDADOR PATAS PORTA A9"
"EST 17.06","","PORTA A10","","EST 17.06 PORTA A10"
"EST 17.07","","PORTA A10","","EST 17.07 PORTA A10"
"EST 17.08","","PORTA A10","","EST 17.08 PORTA A10"
"EST 10.18","","PORTA A10","CODIGO DUPLICADO","EST 10.18 PORTA A10 CODIGO DUPLICADO"
"EST 10.18","NOREA PAPELAO","PORTA A10","CODIGO DUPLICADO","EST 10.18 NOREA PAPELAO PORTA A10 CODIGO DUPLICADO"
"EST 17.20","","PORTA A10","","EST 17.20 PORTA A10"
"09.25","CHILLER 02","PORTA A10","","09.25 CHILLER 02 PORTA A10"
"09.93","PRE CHILLER","PORTA A10","","09.93 PRE CHILLER PORTA A10"
"09.94","SATELITE PRE CHILLER","PORTA A10","","09.94 SATELITE PRE CHILLER PORTA A10"
"17.21","LAVADORA CARCACA","PORTA A10","BOM-00.54","17.21 LAVADORA CARCACA PORTA A10 BOM-00.54"
"EST-06.49","DEPENAGEM","A10","","EST-06.49 DEPENAGEM A10"
"EST 10.57","","PORTA A11","","EST 10.57 PORTA A11"
"EST 12.03","","PORTA A11","","EST 12.03 PORTA A11"
"EST 12.05","","PORTA A11","","EST 12.05 PORTA A11"
"EST 12.07","SEM TAG INVERSOR","PORTA A11","","EST 12.07 SEM TAG INVERSOR PORTA A11"
"EST 10.56","12.08 SEM TAG INVERSOR","PORTA A11","","EST 10.56 12.08 SEM TAG INVERSOR PORTA A11"
"EST 12.09","","PORTA A11","","EST 12.09 PORTA A11"
"EST 12.10","","PORTA A11","","EST 12.10 PORTA A11"
"EST 12.11","","PORTA A11","","EST 12.11 PORTA A11"
"EST 12.14","","PORTA A11","","EST 12.14 PORTA A11"
"EST 12.15","","PORTA A11","","EST 12.15 PORTA A11"
"EST 12.27","","PORTA A11","","EST 12.27 PORTA A11"
"EST 12.28","","PORTA A11","","EST 12.28 PORTA A11"
"EST 12.29","","PORTA A11","","EST 12.29 PORTA A11"
"EST 12.19","","PORTA A11","","EST 12.19 PORTA A11"
"EST 06.45","","PORTA A11","","EST 06.45 PORTA A11"
"EST 12.31","","PORTA A12","","EST 12.31 PORTA A12"
"EST 12.32","SEM TAG INVERSOR","PORTA A12","","EST 12.32 SEM TAG INVERSOR PORTA A12"
"EST 12.33","","PORTA A12","","EST 12.33 PORTA A12"
"EST 12.34","","PORTA A12","","EST 12.34 PORTA A12"
"EST 12.41","SEM TAG INVERSOR","PORTA A12","","EST 12.41 SEM TAG INVERSOR PORTA A12"
"EST 12.42","","PORTA A12","","EST 12.42 PORTA A12"
"EST 10.58","DESCARTE DE OSSOS 03","PORTA A12","","EST 10.58 DESCARTE DE OSSOS 03 PORTA A12"
"EST 12.48","","PORTA A12","","EST 12.48 PORTA A12"
"EST 12.49","","PORTA A12","","EST 12.49 PORTA A12"
"EST 07.06","PCC","PORTA A12","","EST 07.06 PCC PORTA A12"
"EST 07.07","PCC","PORTA A12","","EST 07.07 PCC PORTA A12"
"EST 09.25","","PORTA A12","","EST 09.25 PORTA A12"
"EST 09.26","","PORTA A12","","EST 09.26 PORTA A12"
"EST 09.27","","PORTA A12","","EST 09.27 PORTA A12"
"EST 10.17","","PORTA A12","","EST 10.17 PORTA A12"
"EST 09.21","","PORTA A12","","EST 09.21 PORTA A12"
"EST 09.38","FICA NA POSICAO A12.27","PORTA A12","","EST 09.38 FICA NA POSICAO A12.27 PORTA A12"
"EST 12.52","","PORTA A13","","EST 12.52 PORTA A13"
"EST 12.53","","PORTA A13","","EST 12.53 PORTA A13"
"EST 12.20","LINHA CONE","PORTA A13","","EST 12.20 LINHA CONE PORTA A13"
"EST 09.29","","PORTA A13","","EST 09.29 PORTA A13"
"EST 09.28","","PORTA A13","","EST 09.28 PORTA A13"
"EST 09.31","","PORTA A13","","EST 09.31 PORTA A13"
"EST 09.32","","PORTA A13","","EST 09.32 PORTA A13"
"EST 09.37","","PORTA A13","","EST 09.37 PORTA A13"
"EST 09.34","","PORTA A13","","EST 09.34 PORTA A13"
"EST 06.38","","PORTA A13","","EST 06.38 PORTA A13"
"EST 06.39","","PORTA A13","","EST 06.39 PORTA A13"
"EST 06.40","","PORTA A13","","EST 06.40 PORTA A13"
"EST 10.27","","PORTA A13","","EST 10.27 PORTA A13"
"EST 10.26","","PORTA A13","","EST 10.26 PORTA A13"
"EST 10.28","","PORTA A13","","EST 10.28 PORTA A13"
"EST 12.80","","PORTA A16","","EST 12.80 PORTA A16"
"EST 12.81","","PORTA A16","","EST 12.81 PORTA A16"
"EST 12.82","","PORTA A16","","EST 12.82 PORTA A16"
"EST 12.83","","PORTA A16","","EST 12.83 PORTA A16"
"EST 12.84","","PORTA A16","","EST 12.84 PORTA A16"
"EST 12.85","","PORTA A16","","EST 12.85 PORTA A16"
"EST 12.86","","PORTA A16","","EST 12.86 PORTA A16"
"EST 12.87","","PORTA A16","","EST 12.87 PORTA A16"
"EST 12.88","","PORTA A16","","EST 12.88 PORTA A16"
"EST 12.89","","PORTA A16","","EST 12.89 PORTA A16"
"EST 12.90","","PORTA A16","","EST 12.90 PORTA A16"
"EST 12.91","","PORTA A16","","EST 12.91 PORTA A16"
"EST 12.95","SEM TAG INVERSOR","PORTA A16","","EST 12.95 SEM TAG INVERSOR PORTA A16"
"EST 13.00","","PORTA A16","","EST 13.00 PORTA A16"
"EXTRATORA PULMAO","BOM00.35","B16","","EXTRATORA PULMAO BOM00.35 B16"
"DPT00.01","DERRUBADOR DE PATAS NOVO - LIMPA LINHA","PORTA A16","CODIGO DUPLICADO","DPT00.01 DERRUBADOR DE PATAS NOVO - LIMPA LINHA PORTA A16 CODIGO DUPLICADO"
"REFILETADORA FRINOX 01","","PORTA A18","","REFILETADORA FRINOX 01 PORTA A18"
"REFILETADORA FRINOX 02","","PORTA A18","","REFILETADORA FRINOX 02 PORTA A18"
"EST 13.01","","PORTA A18","","EST 13.01 PORTA A18"
"EST. ENTRADA","REFILETADORA 01","PORTA A18.01","CODIGO DUPLICADO","EST. ENTRADA REFILETADORA 01 PORTA A18.01 CODIGO DUPLICADO"
"EST. SAIDA","REFILETADORA 01","PORTA A18.2","CODIGO DUPLICADO","EST. SAIDA REFILETADORA 01 PORTA A18.2 CODIGO DUPLICADO"
"EST. SUPERIOR","REFILETADOTA 01","A18.03","CODIGO DUPLICADO","EST. SUPERIOR REFILETADOTA 01 A18.03 CODIGO DUPLICADO"
"FRESA","REFILETADORA 01","A18.04","CODIGO DUPLICADO","FRESA REFILETADORA 01 A18.04 CODIGO DUPLICADO"
"EST. ENTRADA","REFILETADORA 02","PORTA A18.05","CODIGO DUPLICADO","EST. ENTRADA REFILETADORA 02 PORTA A18.05 CODIGO DUPLICADO"
"EST. SAIDA","REFILETADORA 02","PORTA A18.6","CODIGO DUPLICADO","EST. SAIDA REFILETADORA 02 PORTA A18.6 CODIGO DUPLICADO"
"EST. SUPERIOR","REFILETADOTA 02","A18.07","CODIGO DUPLICADO","EST. SUPERIOR REFILETADOTA 02 A18.07 CODIGO DUPLICADO"
"FRESA","REFILETADORA 02","A18.08","CODIGO DUPLICADO","FRESA REFILETADORA 02 A18.08 CODIGO DUPLICADO"
"EST 10.07","","A18","","EST 10.07 A18"
"MULTIVAC 01","","PORTA A19","","MULTIVAC 01 PORTA A19"
"MULTIVAC 02","","PORTA A19","","MULTIVAC 02 PORTA A19"
"MULTIVAC 03","","PORTA A19","","MULTIVAC 03 PORTA A19"
"MULTIVAC 05","","PORTA A19","","MULTIVAC 05 PORTA A19"
"MULTIVAC 07","","PORTA A19","","MULTIVAC 07 PORTA A19"
"MULTIVAC 08","","PORTA A19","","MULTIVAC 08 PORTA A19"
"MULTIVAC 09","","PORTA A19","","MULTIVAC 09 PORTA A19"
"EMBALADORA 01","","PORTA A19","","EMBALADORA 01 PORTA A19"
"EMBALADORA 03","","PORTA A19","","EMBALADORA 03 PORTA A19"
"EMBALADORA 05","","PORTA A19","","EMBALADORA 05 PORTA A19"
"EMBALADORA 06","","PORTA A19","","EMBALADORA 06 PORTA A19"
"EMBALADORA 07","","PORTA A19","","EMBALADORA 07 PORTA A19"
"EMBALADORA 08","","PORTA A19","","EMBALADORA 08 PORTA A19"
"EMBALADORA 09","","PORTA A19","","EMBALADORA 09 PORTA A19"
"EMBALADORA 13","","PORTA A19","","EMBALADORA 13 PORTA A19"
"EMBALADORA 14","","PORTA A19","","EMBALADORA 14 PORTA A19"
"TUMBLER","","PORTA A19","","TUMBLER PORTA A19"
"ULTIMATE","","PORTA A19","","ULTIMATE PORTA A19"
"RAIO X","","PORTA A19","","RAIO X PORTA A19"
"FILETADEIRA","","PORTA A19","","FILETADEIRA PORTA A19"
"CHOAITEC","","PORTA A19","","CHOAITEC PORTA A19"
"LENKE","","PORTA A19","","LENKE PORTA A19"
"MAREL","","PORTA A19","","MAREL PORTA A19"
"MAYEKAWA 01","","PORTA A19","","MAYEKAWA 01 PORTA A19"
"MAYEKAWA 02","","PORTA A19","","MAYEKAWA 02 PORTA A19"
"TOMADAS BARREIRA S. CORTE","","PORTA A19","","TOMADAS BARREIRA S. CORTE PORTA A19"
"TOMADAS BALANCAS","","PORTA A19","","TOMADAS BALANCAS PORTA A19"
"TOMADAS SELADORAS","","PORTA A19","","TOMADAS SELADORAS PORTA A19"
"EST 06.42","","PORTA A20","","EST 06.42 PORTA A20"
"EST 10.66","","PORTA A20","","EST 10.66 PORTA A20"
"EST 101.104","","PORTA A20","","EST 101.104 PORTA A20"
"EST 101.105","","PORTA A20","","EST 101.105 PORTA A20"
"EST 101.106","","PORTA A20","","EST 101.106 PORTA A20"
"EST 101.107","","PORTA A20","","EST 101.107 PORTA A20"
"EST 06.43","","PORTA A20","","EST 06.43 PORTA A20"
"EST 101.109","","PORTA A20","","EST 101.109 PORTA A20"
"EST 10.72","","PORTA A20","","EST 10.72 PORTA A20"
"EST 101.111","","PORTA A20","","EST 101.111 PORTA A20"
"EST 101.112","","PORTA A20","","EST 101.112 PORTA A20"
"EST 101.113","","PORTA A20","","EST 101.113 PORTA A20"
"EST 101.114","","PORTA A20","","EST 101.114 PORTA A20"
"EST 101.116","","PORTA A21","","EST 101.116 PORTA A21"
"EST 101.117","","PORTA A21","","EST 101.117 PORTA A21"
"EST 101.118","","PORTA A21","","EST 101.118 PORTA A21"
"EST 101.119","","PORTA A21","","EST 101.119 PORTA A21"
"EST 101.120","","PORTA A21","","EST 101.120 PORTA A21"
"EST 101.121","","PORTA A21","","EST 101.121 PORTA A21"
"EST 101.122","","PORTA A21","","EST 101.122 PORTA A21"
"EST 101.123","","PORTA A21","","EST 101.123 PORTA A21"
"EST 101.124","","PORTA A21","","EST 101.124 PORTA A21"
"EST 19.27","","PORTA A21","","EST 19.27 PORTA A21"
"EST 19.26","","PORTA A21","","EST 19.26 PORTA A21"
"EST 13.12","","PORTA A21","","EST 13.12 PORTA A21"
"EST 13.13","","PORTA A21","","EST 13.13 PORTA A21"
"EST-19.42","TUMBLER","A21","","EST-19.42 TUMBLER A21"
"EST-12.55","OSSO CMS","B21","","EST-12.55 OSSO CMS B21"
"EST 13.02","","PORTA A22","","EST 13.02 PORTA A22"
"EST 10.53","","PORTA A22","","EST 10.53 PORTA A22"
"EST 19.08","","PORTA A22","","EST 19.08 PORTA A22"
"EST 10.73","","PORTA A22","","EST 10.73 PORTA A22"
"EST 10.75","","PORTA A22","","EST 10.75 PORTA A22"
"EST 10.77","","PORTA A22","","EST 10.77 PORTA A22"
"EST 10.70","","PORTA A22","","EST 10.70 PORTA A22"
"EST 10.80","","PORTA A22","","EST 10.80 PORTA A22"
"EST 10.67","","PORTA A22","","EST 10.67 PORTA A22"
"EST 19.09","","PORTA A22","","EST 19.09 PORTA A22"
"EST 19.23","","PORTA A22","","EST 19.23 PORTA A22"
"EST 09.23","","PORTA A22","","EST 09.23 PORTA A22"
"EST 09.24","","PORTA A22","","EST 09.24 PORTA A22"
"EST 09.05C","","PORTA A22","","EST 09.05C PORTA A22"
"EST-12.56","OSSO CMS","B22","","EST-12.56 OSSO CMS B22"
"EST 17.24","","PORTA A23","","EST 17.24 PORTA A23"
"EST 17.23","","PORTA A23","","EST 17.23 PORTA A23"
"EST 17.02","","PORTA A23","","EST 17.02 PORTA A23"
"EST 17.03","","PORTA A23","","EST 17.03 PORTA A23"
"EST 17.04","","PORTA A23","","EST 17.04 PORTA A23"
"EST 17.11","","PORTA A23","","EST 17.11 PORTA A23"
"EST 12.40","","PORTA A23","","EST 12.40 PORTA A23"
"EST-12.58","OSSO COXA","B23","","EST-12.58 OSSO COXA B23"
"EST-12.59","OSSO COXA","B23","","EST-12.59 OSSO COXA B23"
"EST 19.41","","B22.14","CODIGO DUPLICADO","EST 19.41 B22.14 CODIGO DUPLICADO"
"8.7","","PORTA B4","","8.7 PORTA B4"
"8.8","","PORTA B4","","8.8 PORTA B4"
"8.9","","PORTA B4","","8.9 PORTA B4"
"8.10","","PORTA B4","","8.10 PORTA B4"
"8.11","","PORTA B4","","8.11 PORTA B4"
"8.12","","PORTA B4","","8.12 PORTA B4"
"8.13","","PORTA B4","","8.13 PORTA B4"
"8.14","","PORTA B4","","8.14 PORTA B4"
"8.15","","PORTA B4","","8.15 PORTA B4"
"8.16","","PORTA B4","","8.16 PORTA B4"
"8.17","","PORTA B4","","8.17 PORTA B4"
"8.18","","PORTA B4","","8.18 PORTA B4"
"8.19","","PORTA B4","","8.19 PORTA B4"
"8.20","","PORTA B4","","8.20 PORTA B4"
"9.7","","PORTA B4","","9.7 PORTA B4"
"9.8","","PORTA B4","","9.8 PORTA B4"
"9.9","","PORTA B4","","9.9 PORTA B4"
"9.10","","PORTA B4","","9.10 PORTA B4"
"9.11","","PORTA B4","","9.11 PORTA B4"
"9.12","","PORTA B4","","9.12 PORTA B4"
"9.13","","PORTA B4","","9.13 PORTA B4"
"9.14","","PORTA B4","","9.14 PORTA B4"
"9.15","","PORTA B4","","9.15 PORTA B4"
"9.16","","PORTA B4","","9.16 PORTA B4"
"9.17","","PORTA B4","","9.17 PORTA B4"
"9.18","","PORTA B4","","9.18 PORTA B4"
"9.19","","PORTA B4","","9.19 PORTA B4"
"9.20","","PORTA B4","","9.20 PORTA B4"
"9.27","","PORTA B4","","9.27 PORTA B4"
"9.28","","PORTA B4","","9.28 PORTA B4"
"9.29","","PORTA B4","","9.29 PORTA B4"
"9.31","","PORTA B4","","9.31 PORTA B4"
"9.32","","PORTA B4","","9.32 PORTA B4"
"9.33","","PORTA B4","","9.33 PORTA B4"
"9.34","","PORTA B4","","9.34 PORTA B4"
"9.35","","PORTA B4","","9.35 PORTA B4"
"9.36","","PORTA B4","","9.36 PORTA B4"
"9.37","","PORTA B4","","9.37 PORTA B4"
"BOMBA CMS 01","","PORTA B7","","BOMBA CMS 01 PORTA B7"
"MAQUINA CMS 01","","PORTA B7","","MAQUINA CMS 01 PORTA B7"
"ESTEIRA CMS 00.13","","PORTA B7","","ESTEIRA CMS 00.13 PORTA B7"
"PARTIDA EXAUSTORES","","PORTA B8","","PARTIDA EXAUSTORES PORTA B8"
"LAVA BOTAS/SALA ERCIO","","PORTA B8","","LAVA BOTAS/SALA ERCIO PORTA B8"
"ELEVADOR DESCARGA FRANGO","","PORTA B8","","ELEVADOR DESCARGA FRANGO PORTA B8"
"CASA BOMBAS","","PORTA B8","","CASA BOMBAS PORTA B8"
"LAVADOR CAIXAS","","PORTA B8","","LAVADOR CAIXAS PORTA B8"
"PAINEL RECHILLER DO PRE","","PORTA B8","","PAINEL RECHILLER DO PRE PORTA B8"
"EMPILHADOR GAIOLAS","","PORTA B8","","EMPILHADOR GAIOLAS PORTA B8"
"REPASSE MOELA 01","","PORTA B8","","REPASSE MOELA 01 PORTA B8"
"REPASSE MOELA 02","","PORTA B8","","REPASSE MOELA 02 PORTA B8"
"PENEIRA ROTATIVA FILE","","PORTA B8","","PENEIRA ROTATIVA FILE PORTA B8"
"EST 19.21","","PORTA B11","","EST 19.21 PORTA B11"
"EST 19.22","SEQUENCIA 2/6","PORTA B11","","EST 19.22 SEQUENCIA 2/6 PORTA B11"
"19.16","TRITURADOR DE OSSO","PORTA B11","","19.16 TRITURADOR DE OSSO PORTA B11"
"19.17","EST. TRITURADOR DE OSSO","PORTA B11","","19.17 EST. TRITURADOR DE OSSO PORTA B11"
"08.25","LIMPA TRIPA","PORTA B13","CODIGO DUPLICADO","08.25 LIMPA TRIPA PORTA B13 CODIGO DUPLICADO"
"09.39","BOMBA CMS 03","PORTA B13","CODIGO DUPLICADO","09.39 BOMBA CMS 03 PORTA B13 CODIGO DUPLICADO"
"08.04","CHARUTO PATAS","PORTA B13","","08.04 CHARUTO PATAS PORTA B13"
"09.08","BOMBA REUSO CHILLER","PORTA B13","","09.08 BOMBA REUSO CHILLER PORTA B13"
"EST 06.30","","PORTA B13","","EST 06.30 PORTA B13"
"BADDER 01","","PORTA B13","","BADDER 01 PORTA B13"
"BADDER 02","","PORTA B13","","BADDER 02 PORTA B13"
"BADDER 03","","PORTA B13","","BADDER 03 PORTA B13"
"CORTE AUTOMATICO","","PORTA B13","","CORTE AUTOMATICO PORTA B13"
"LAVADOR DE LUVAS","","PORTA B13","","LAVADOR DE LUVAS PORTA B13"
"DPT00.01","LIMPA LINHA","PORTA B13","CODIGO DUPLICADO","DPT00.01 LIMPA LINHA PORTA B13 CODIGO DUPLICADO"
"VACUO PATAS 01","","PORTA B13","","VACUO PATAS 01 PORTA B13"
"VACUO PATAS 02","","PORTA B13","","VACUO PATAS 02 PORTA B13"
"BOMBA CMS 02","SEM TAG INVERSOR","PORTA B13","CODIGO DUPLICADO","BOMBA CMS 02 SEM TAG INVERSOR PORTA B13 CODIGO DUPLICADO"
"EMBALADORA 10","","PORTA B13","","EMBALADORA 10 PORTA B13"
"PAINEL SANGRADOR","","PORTA B13","","PAINEL SANGRADOR PORTA B13"
"06.30","","PORTA B14","","06.30 PORTA B14"
"08.25","","PORTA B14","CODIGO DUPLICADO","08.25 PORTA B14 CODIGO DUPLICADO"
"09.39","CMS03 BOMBA","PORTA B14","CODIGO DUPLICADO","09.39 CMS03 BOMBA PORTA B14 CODIGO DUPLICADO"
"8.4","CHARUTO DE PATAS","PORTA B14","","8.4 CHARUTO DE PATAS PORTA B14"
"BOMBA 01 VACUO DE PATAS","","PORTA B14","","BOMBA 01 VACUO DE PATAS PORTA B14"
"BOMBA 02 VACUO DE PATAS","","PORTA B14","","BOMBA 02 VACUO DE PATAS PORTA B14"
"BOMBA MAQUINA CMS 02","ACIONAMENTO B15/K01","PORTA B14","","BOMBA MAQUINA CMS 02 ACIONAMENTO B15/K01 PORTA B14"
"6.30","BOMBA DE SANGUE","PORTA B14","","6.30 BOMBA DE SANGUE PORTA B14"
"MAQUINA CMS 02","","PORTA B15","","MAQUINA CMS 02 PORTA B15"
"AR CONDICIONADO AUTOMACAO","","PORTA B15","","AR CONDICIONADO AUTOMACAO PORTA B15"
"AR CONDICIONADO SHELF LIFE","","PORTA B15","","AR CONDICIONADO SHELF LIFE PORTA B15"
"AR CONDICIONADO CARIMBO","","PORTA B15","","AR CONDICIONADO CARIMBO PORTA B15"
"TOMADAS SECUNDARIAS","","PORTA B15","","TOMADAS SECUNDARIAS PORTA B15"
"SAIDA NOBREAK","","PORTA B15","","SAIDA NOBREAK PORTA B15"
"RELOGIO PONTO 01","","PORTA B15","","RELOGIO PONTO 01 PORTA B15"
"RELOGIO PONTO 02","","PORTA B15","","RELOGIO PONTO 02 PORTA B15"
"TOMADAS BALANCAS RESFRIAMENTO","","PORTA B15","","TOMADAS BALANCAS RESFRIAMENTO PORTA B15"
"BOMBA CMS 02","CONTATORA K01 INVERSOR B14","PORTA B15","CODIGO DUPLICADO","BOMBA CMS 02 CONTATORA K01 INVERSOR B14 PORTA B15 CODIGO DUPLICADO"
"DEPA00.01","CHARUTO PATAS 8.4","PORTA B16","","DEPA00.01 CHARUTO PATAS 8.4 PORTA B16"
"EST 12.93","","PORTA B16","","EST 12.93 PORTA B16"
"EST 12.94","","PORTA B16","","EST 12.94 PORTA B16"
"09.38","SOFT","PORTA B16","","09.38 SOFT PORTA B16"
"09.40","SOFT","PORTA B16","","09.40 SOFT PORTA B16"
"09.36","SOFT","PORTA B16","","09.36 SOFT PORTA B16"
"09.41","SOFT","PORTA B16","","09.41 SOFT PORTA B16"
"09.42","SOFT","PORTA B16","","09.42 SOFT PORTA B16"
"09.37","SOFT","PORTA B16","","09.37 SOFT PORTA B16"
"08.27","SOFT - VACUO DO PULMAO BOM00.35","PORTA B16","","08.27 SOFT - VACUO DO PULMAO BOM00.35 PORTA B16"
"09.04","SOPRADOR CHILLER","PORTA B16","","09.04 SOPRADOR CHILLER PORTA B16"
"MEXEDOR TUMBLER","","PORTA B16","","MEXEDOR TUMBLER PORTA B16"
"LAVADOR DE FRANGO","","PORTA B16","","LAVADOR DE FRANGO PORTA B16"
"EST 13.05","","PORTA B19","","EST 13.05 PORTA B19"
"EST 12.50","","PORTA B19","","EST 12.50 PORTA B19"
"EST 13.04","","PORTA B19","","EST 13.04 PORTA B19"
"EST 10.35","","PORTA B19","","EST 10.35 PORTA B19"
"EST 12.13","","PORTA B19","","EST 12.13 PORTA B19"
"EST 10.36","","PORTA B19","","EST 10.36 PORTA B19"
"EST 12.21","","PORTA B19","","EST 12.21 PORTA B19"
"EST 10.32","","PORTA B19","","EST 10.32 PORTA B19"
"EST 10.31","","PORTA B19","","EST 10.31 PORTA B19"
"EST 10.63","","PORTA B19","","EST 10.63 PORTA B19"
"EST 10.33","","PORTA B19","","EST 10.33 PORTA B19"
"EST 19.11","","PORTA B19","","EST 19.11 PORTA B19"
"EST 10.29","","PORTA B20","","EST 10.29 PORTA B20"
"EST 10.64","","PORTA B20","","EST 10.64 PORTA B20"
"EST 13.03","","PORTA B20","","EST 13.03 PORTA B20"
"EST 101.102","","PORTA B20","","EST 101.102 PORTA B20"
"EST 10.30","","PORTA B20","","EST 10.30 PORTA B20"
"EST 10.62","","PORTA B20","","EST 10.62 PORTA B20"
"EST 10.88","","PORTA B20","","EST 10.88 PORTA B20"
"EST 10.48","","PORTA B20","","EST 10.48 PORTA B20"
"EST 19.43","ESTEIRAS PARA INJETORA DE SABOR","PORTA B20","","EST 19.43 ESTEIRAS PARA INJETORA DE SABOR PORTA B20"
"EST 15.09","","PORTA B20","","EST 15.09 PORTA B20"
"EST-19.43","TUMBLER","B20","","EST-19.43 TUMBLER B20"
"EST 10.85","","PORTA B21","","EST 10.85 PORTA B21"
"EST 10.49","","PORTA B21","","EST 10.49 PORTA B21"
"EST 10.83","","PORTA B21","","EST 10.83 PORTA B21"
"EST 10.82","","PORTA B21","","EST 10.82 PORTA B21"
"EST 10.51","","PORTA B21","","EST 10.51 PORTA B21"
"EST 10.52","","PORTA B21","","EST 10.52 PORTA B21"
"EST 10.50","","PORTA B21","","EST 10.50 PORTA B21"
"EST 12.57","(EST00.22)","B21","","EST 12.57 (EST00.22) B21"
"EST 12.55","(RESERVADO) ESTEIRAS SISTEMAS DE OSSO PARA CMS","PORTA B21","","EST 12.55 (RESERVADO) ESTEIRAS SISTEMAS DE OSSO PARA CMS PORTA B21"
"EST 19.40","(RESERVADO) ESTEIRAS PARA INJETORA DE SALMOURA","PORTA B21","","EST 19.40 (RESERVADO) ESTEIRAS PARA INJETORA DE SALMOURA PORTA B21"
"EST-19.40","TUMBLER","B21","","EST-19.40 TUMBLER B21"
"EST-19.41","TUMBLER","B22","","EST-19.41 TUMBLER B22"
"EST 10.39","","PORTA B22","","EST 10.39 PORTA B22"
"EST 10.40","","PORTA B22","","EST 10.40 PORTA B22"
"EST 10.45","","PORTA B22","","EST 10.45 PORTA B22"
"EST 10.46","","PORTA B22","","EST 10.46 PORTA B22"
"EST 10.47","","PORTA B22","","EST 10.47 PORTA B22"
"EST 10.84","","PORTA B22","","EST 10.84 PORTA B22"
"EST 12.56","(SISTEMA DE OSSO PARA SMS RESERVADO)","PORTA B22","","EST 12.56 (SISTEMA DE OSSO PARA SMS RESERVADO) PORTA B22"
"EST 19.41","","B22.14","CODIGO DUPLICADO","EST 19.41 B22.14 CODIGO DUPLICADO"
"EST 10.60","","PORTA B23","","EST 10.60 PORTA B23"
"EST 10.87","","PORTA B23","","EST 10.87 PORTA B23"
"EST 10.92","","PORTA B23","","EST 10.92 PORTA B23"
"EST 10.93","","PORTA B23","","EST 10.93 PORTA B23"
"EST 10.68","","PORTA B23","","EST 10.68 PORTA B23"
"EST 10.96","","PORTA B23","","EST 10.96 PORTA B23"
"EST 10.95","","PORTA B23","","EST 10.95 PORTA B23"
"EST 10.76","","PORTA B23","","EST 10.76 PORTA B23"
"EST 22.32","SALMORA","(RESERVADO)PORTA B22","","EST 22.32 SALMORA (RESERVADO)PORTA B22"
"EST 12.58","ESTEIRA SISTEMA DE OSSO PARA CMS","PORTA B23.14","","EST 12.58 ESTEIRA SISTEMA DE OSSO PARA CMS PORTA B23.14"
"EST 12.59","ESTEIRAS SISTEMA DE OSSO PARA CMS","PORTA B23.7","","EST 12.59 ESTEIRAS SISTEMA DE OSSO PARA CMS PORTA B23.7"
"13.20","POSICAO 1","PAINEL SALA CORTES","","13.20 POSICAO 1 PAINEL SALA CORTES"
"13.24","POSICAO 2","PAINEL SALA CORTES","","13.24 POSICAO 2 PAINEL SALA CORTES"
"13.19","POSICAO 2","PAINEL SALA CORTES","","13.19 POSICAO 2 PAINEL SALA CORTES"
"13.21","POSICAO 4","PAINEL SALA CORTES","","13.21 POSICAO 4 PAINEL SALA CORTES"
"13.27","POSICAO 5","PAINEL SALA CORTES","","13.27 POSICAO 5 PAINEL SALA CORTES"
"13.28","POSICAO 6","PAINEL SALA CORTES","","13.28 POSICAO 6 PAINEL SALA CORTES"
"13.29","POSICAO 7","PAINEL SALA CORTES","","13.29 POSICAO 7 PAINEL SALA CORTES"
"13.30","POSICAO 8","PAINEL SALA CORTES","","13.30 POSICAO 8 PAINEL SALA CORTES"
"17.10","POSICAO 9","PAINEL SALA CORTES","","17.10 POSICAO 9 PAINEL SALA CORTES"
"EXT PEL PESC","EXTRATOR DE PELE PESCOCO","PAINEL SALA CORTES","","EXT PEL PESC EXTRATOR DE PELE PESCOCO PAINEL SALA CORTES"
"ACA00.01","ARRANCADOR DE CABECA","PAINEL SALA CORTES","","ACA00.01 ARRANCADOR DE CABECA PAINEL SALA CORTES"
"I01","BOTAO DESLIGA","ABRIDOR DE GAIOLAS","","I01 BOTAO DESLIGA ABRIDOR DE GAIOLAS"
"I02","BOTAO LIGA","ABRIDOR DE GAIOLAS","","I02 BOTAO LIGA ABRIDOR DE GAIOLAS"
"I03","SENSOR 01","ABRIDOR DE GAIOLAS","","I03 SENSOR 01 ABRIDOR DE GAIOLAS"
"I04","SENSOR 02","ABRIDOR DE GAIOLAS","","I04 SENSOR 02 ABRIDOR DE GAIOLAS"
"Q01","VALVULA DE SEGURANCA","ABRIDOR DE GAIOLAS","","Q01 VALVULA DE SEGURANCA ABRIDOR DE GAIOLAS"
"Q03","BOTAO LUMINOSO","ABRIDOR DE GAIOLAS","","Q03 BOTAO LUMINOSO ABRIDOR DE GAIOLAS"
"Q04","VALVULA DE ACIONAMENTO DO ABRIDOR","ABRIDOR DE GAIOLAS","","Q04 VALVULA DE ACIONAMENTO DO ABRIDOR ABRIDOR DE GAIOLAS"
"COT 00-04","CORTINA DE AR PENDURA, SALA INCENSIBLISACAO E SANGRADOR","","","COT 00-04 CORTINA DE AR PENDURA, SALA INCENSIBLISACAO E SANGRADOR"
"6.46","ESTEIRA DEPENAGEM","PORTA A16","","6.46 ESTEIRA DEPENAGEM PORTA A16"
